{ "Set1": [
   {
            "VehicleValue": [
                {
                      "1750": "513",
                      "2500": "617",
                      "3250": "720",
                      "4000": "824",
                      "4750": "927",
                      "5500": "1031"
                }
                ],
            "HP": "10",
            "CubicCentimeters": "1400",
            "CubicInches": "85"
        }
],
       "Set2": [
  {

            "VehicleValue": [
                {
                   "1750": "567",
                   "2500": "671",
                   "3250": "774",
                   "4000": "878",
                   "4750": "981",
                   "5500": "1085"
                }

            ],
            "HP": "15",
            "CubicCentimeters": "2200",
            "CubicInches": "134"
        }
],
  "Set3": [
     {

              "VehicleValue": [
                {
                    "1750": "612",
                    "2500": "716",
                    "3250": "819",
                    "4000": "923",
                    "4750": "1026",
                    "5500": "1134"
                }

            ],
             "HP": "20",
            "CubicCentimeters": "3050",
            "CubicInches": "186"
        }
  ],
  "Set4": [
    {
              "VehicleValue": [
                {
                    "1750": "666",
                    "2500": "770",
                    "3250": "873",
                    "4000": "977",
                    "4750": "1080",
                    "5500": "1184"
                }

            ],
            "HP": "30",
            "CubicCentimeters": "4400",
            "CubicInches": "268"
        }
  ],
  "Set5": [
     {
             "VehicleValue": [
                {
                    "1750": "724",
                    "2500": "828",
                    "3250": "932",
                    "4000": "1035",
                    "4750": "1143",
                    "5500": "1247"
                }

            ],
            "HP": "40",
            "CubicCentimeters": "5800",
            "CubicInches": "354"
        }
  ],
  "Set6": [
    {
                 "VehicleValue": [
                {
                        "1750": "783",
                        "2500": "887",
                        "3250": "990",
                        "4000": "1094",
                        "4750": "1197",
                        "5500": "1301"
                }

            ],

            "HP": "50",
            "CubicCentimeters": "7200",
            "CubicInches": "436"
        }
  ],
  "Set7": [
    {
                 "VehicleValue": [
                {
                        "1750": "788",
                        "2500": "891",
                        "3250": "999",
                        "4000": "1103",
                        "4750": "1206",
                        "5500": "1310"
                }

            ],

            "HP": ">50",
            "CubicCentimeters": ">7200",
            "CubicInches": ">436"
        }
  ],
  "TP": [
    {
       "2200": "405",
      "3650": "445",
      "4750": "500",
      ">4750": "575"

    }
  ],
  "TPFT": [
    {
      "2200": "405",
      "3650": "445",
      "4750": "500",
      ">4750": "575"

    }
  ],
  "CY0": [
        {
            "COMP": "0",
            "TP": "0",
            "TPFT": "0"
        }
  ],
  "CY1": [
        {
            "COMP": "0.10",
            "TP": "0.10",
            "TPFT": "0.10"
        }
  ],
  "CY2": [
        {
            "COMP": "0.20",
            "TP": "0.15",
            "TPFT": "0.15"
        }
  ],
  "CY3": [
        {
            "COMP": "0.30",
            "TP": "0.20",
            "TPFT": "0.20"
        }
  ],
   "CY4": [
        {
            "COMP": "0.30",
            "TP": "0.20",
            "TPFT": "0.20"
        }
  ],
   "CY5": [
        {
            "COMP": "0.30",
            "TP": "0.20",
            "TPFT": "0.20"
        }
  ]

}