{ "Set1": [
   {
            "VehicleValue": [
                {
                      "3500": "1021",
                      "4000": "1076",
                      "4500": "1130",
                      "5000": "1186",
                      "5500": "1241",
                      "6000": "1296",
                      "6500": "1352",
                      "7000": "1406",
                      "7500": "1462",
                      "8000": "1517",
                      "8500": "1571",
                      "9000": "1626",
                      "9500": "1681",
                      "10000": "1736"
                }
                ],
            "CubicCentimeters": "1400",
            "CubicInches": "85"
        }
],
       "Set2": [
  {

            "VehicleValue": [
                {
                    "3500": "1152",
                    "4000": "1207",
                    "4500": "1261",
                    "5000": "1317",
                    "5500": "1373",
                    "6000": "1427",
                    "6500": "1482",
                    "7000": "1536",
                    "7500": "1592",
                    "8000": "1647",
                    "8500": "1702",
                    "9000": "1758",
                    "9500": "1812",
                    "10000": "1868"
                }

            ],
            "CubicCentimeters": "2200",
            "CubicInches": "134"
        }
],
  "Set3": [
     {

              "VehicleValue": [
                {
                    "3500": "1271",
                    "4000": "1327",
                    "4500": "1382",
                    "5000": "1436",
                    "5500": "1492",
                    "6000": "1546",
                    "6500": "1602",
                    "7000": "1656",
                    "7500": "1712",
                    "8000": "1768",
                    "8500": "1822",
                    "9000": "1877",
                    "9500": "1931",
                    "10000": "1987"
                }

            ],
            "CubicCentimeters": "3050",
            "CubicInches": "186"
        }
  ],
  "Set4": [
    {
              "VehicleValue": [
                {
                    "3500": "1355",
                    "4000": "1412",
                    "4500": "1466",
                    "5000": "1522",
                    "5500": "1577",
                    "6000": "1632",
                    "6500": "1687",
                    "7000": "1742",
                    "7500": "1797",
                    "8000": "1852",
                    "8500": "1907",
                    "9000": "1962",
                    "9500": "2017",
                    "10000": "2072"
                }

            ],

            "CubicCentimeters": "3650",
            "CubicInches": "223"
        }
  ],
  "Set5": [
     {
             "VehicleValue": [
                {
                      "3500": "1438",
                      "4000": "1494",
                      "4500": "1548",
                      "5000": "1604",
                      "5500": "1660",
                      "6000": "1714",
                      "6500": "1769",
                      "7000": "1823",
                      "7500": "1880",
                      "8000": "1936",
                      "8500": "1990",
                      "9000": "2046",
                      "9500": "2100",
                      "10000": "2156"
                }

            ],

            "CubicCentimeters": "4400",
            "CubicInches": "268"
        }
  ],
  "Set6": [
    {
                 "VehicleValue": [
                {
                           "3500": "1535",
                        "4000": "1590",
                        "4500": "1644",
                        "5000": "1700",
                        "5500": "1755",
                        "6000": "1810",
                        "6500": "1865",
                        "7000": "1920",
                        "7500": "1976",
                        "8000": "2030",
                        "8500": "2085",
                        "9000": "2141",
                        "9500": "2196",
                        "10000": "2251"
                }

            ],

            "CubicCentimeters": ">4400",
            "CubicInches": ">268"
        }
  ],
  "TP": [
    {
       "2200": "385",
      "4400": "415",
      "5800": "435",
      ">5800": "470"

    }
  ],
  "TPFT": [
    {
       "2200": "385",
      "4400": "415",
      "5800": "435",
      ">5800": "470"

    }
  ],
  "CY0": [
        {
            "COMP": "0",
            "TP": "0",
            "TPFT": "0"
        }
  ],
  "CY1": [
        {
            "COMP": "0.25",
            "TP": "0.10",
            "TPFT": "0.10"
        }
  ],
  "CY2": [
        {
            "COMP": "0.35",
            "TP": "0.15",
            "TPFT": "0.15"
        }
  ],
  "CY3": [
        {
            "COMP": "0.45",
            "TP": "0.20",
            "TPFT": "0.20"
        }
  ],
  "CY4": [
        {
            "COMP": "0.55",
            "TP": "0.20",
            "TPFT": "0.20"
        }
  ],
  "CY5": [
        {
            "COMP": "0.65",
            "TP": "0.20",
            "TPFT": "0.20"
        }
  ]

}